transcript_id,read_count
ENST00000612152.4,5.554588852
ENST00000494424.1,5.554588852
ENST00000373020.9,5.554588852
ENST00000496771.5,5.554588852
ENST00000614008.4,5.554588852
ENST00000682713.1,7.794415866
ENST00000681979.1,7.794415866
ENST00000466152.5,7.794415866